Ealasaid,Duffan,eduffan0@pen.io,159.63.221.188
Robert,Langlais,rlanglais1@4shared.com,63.12.48.144
Nike,Dyton,ndyton2@surveymonkey.com,44.132.64.84
Terencio,Maggs,tmaggs3@google.fr,113.203.134.226
Ellary,Pantone,epantone4@deviantart.com,136.43.62.155
Lian,Schriren,lschriren5@independent.co.uk,176.184.147.72
Dyann,Radden,dradden6@indiatimes.com,16.38.142.33
Vittorio,Goodayle,vgoodayle7@wikimedia.org,31.235.228.53
Vernen,Halegarth,vhalegarth8@imageshack.us,132.2.249.207
Candy,Trice,ctrice9@sogou.com,160.103.251.46
